{
  "endpoints": {
    "spells": {
      "times": [
        1178.1719290018082,
        1109.7966539859772,
        1170.6451460123062,
        2482.278223991394,
        1130.0128819942474
      ],
      "avg": 1414.1809669971467,
      "min": 1109.7966539859772,
      "max": 2482.278223991394,
      "successRate": 100
    },
    "classes": {
      "times": [
        953.381060987711,
        939.4235000014305,
        875.8106609880924,
        1137.8962360024452,
        977.3265019953251
      ],
      "avg": 976.7675919950009,
      "min": 875.8106609880924,
      "max": 1137.8962360024452,
      "successRate": 100
    },
    "races": {
      "times": [
        736.1718940138817,
        1207.7646540105343,
        632.017520993948,
        680.6226840019226,
        597.7362390160561
      ],
      "avg": 770.8625984072685,
      "min": 597.7362390160561,
      "max": 1207.7646540105343,
      "successRate": 100
    },
    "monsters": {
      "times": [
        310.5414129793644,
        296.6616000235081,
        351.9022449851036,
        331.0790930092335,
        311.3928949832916
      ],
      "avg": 320.31544919610025,
      "min": 296.6616000235081,
      "max": 351.9022449851036,
      "successRate": 100
    },
    "weapons": {
      "times": [
        313.00045800209045,
        239.51650300621986,
        296.82781901955605,
        289.72775000333786,
        327.2780980169773
      ],
      "avg": 293.2701256096363,
      "min": 239.51650300621986,
      "max": 327.2780980169773,
      "successRate": 100
    },
    "armor": {
      "times": [
        242.61667600274086,
        236.3282440006733,
        201.4046429991722,
        215.6284549832344,
        198.17545402050018
      ],
      "avg": 218.8306944012642,
      "min": 198.17545402050018,
      "max": 242.61667600274086,
      "successRate": 100
    }
  },
  "querySizes": {
    "small": {
      "limit": 1,
      "responseTime": 411.94155499339104,
      "actualItems": 1,
      "dataSize": 2559,
      "efficiency": 411.94155499339104
    },
    "medium": {
      "limit": 10,
      "responseTime": 1042.318984001875,
      "actualItems": 10,
      "dataSize": 43271,
      "efficiency": 104.23189840018749
    },
    "large": {
      "limit": 50,
      "responseTime": 2844.243381023407,
      "actualItems": 50,
      "dataSize": 131699,
      "efficiency": 56.88486762046814
    },
    "extra-large": {
      "limit": 100,
      "responseTime": 5103.857294023037,
      "actualItems": 100,
      "dataSize": 236631,
      "efficiency": 51.03857294023037
    }
  },
  "concurrent": {
    "2_requests": {
      "totalTime": 2712.224438995123,
      "successful": 2,
      "failed": 0,
      "successRate": 100,
      "avgTimePerRequest": 2302.619954496622
    },
    "5_requests": {
      "totalTime": 3997.3345599770546,
      "successful": 5,
      "failed": 0,
      "successRate": 100,
      "avgTimePerRequest": 2447.6645056009293
    },
    "10_requests": {
      "totalTime": 8308.337458014488,
      "successful": 10,
      "failed": 0,
      "successRate": 100,
      "avgTimePerRequest": 4628.678343701363
    }
  },
  "availability": [
    {
      "timestamp": "2025-06-27T00:48:32.090Z",
      "success": true,
      "responseTime": 994.1378659904003
    },
    {
      "timestamp": "2025-06-27T00:48:38.108Z",
      "success": true,
      "responseTime": 296.5037259757519
    },
    {
      "timestamp": "2025-06-27T00:48:43.430Z",
      "success": true,
      "responseTime": 304.40417098999023
    },
    {
      "timestamp": "2025-06-27T00:48:48.738Z",
      "success": true,
      "responseTime": 331.74979001283646
    },
    {
      "timestamp": "2025-06-27T00:48:54.094Z",
      "success": true,
      "responseTime": 326.19149002432823
    },
    {
      "timestamp": "2025-06-27T00:48:59.423Z",
      "success": true,
      "responseTime": 322.6206409931183
    }
  ]
}